0x0010,core_107,core_107_C_core_792,core_107_C_core_792,core_676,core_676,core_904,core_380,core_111,core_794_C_core_794,core_107,em4110_221,core_385,core_672_C_core_792,core_678_C_core_792,,,,,,,
0x0011,core_107,core_107_C_core_792,core_107_C_core_792,core_676,core_676,core_904,core_380,core_111,core_794_C_core_794,core_107,em4110_221,core_385,core_672_C_core_792,core_678_C_core_792,,,,,,,
0x0012,core_105,core_105_C_core_792,core_105_C_core_792,core_677,core_677,core_904,core_380,core_111,core_794_C_core_794,core_105,em4110_221,core_385,core_673_C_core_792,core_679_C_core_792,,,,,,,
0x0015,core_107,core_107_C_core_792,core_107_C_core_792,core_676,core_676,core_904,core_380,core_111,core_794_C_core_794,core_107,em4110_221,core_385,core_672_C_core_792,core_678_C_core_792,,,,,,,
0x0017,core_107,core_107_C_core_792,core_107_C_core_792,core_676,core_676,core_904,core_380,core_111,core_794_C_core_794,core_107,em4110_221,core_385,core_672_C_core_792,core_678_C_core_792,,,,,,,
0x0018,core_107,core_107_C_core_792,core_107_C_core_792,core_676,core_676,core_904,core_380,core_111,core_794_C_core_794,core_107,em4110_221,core_385,core_672_C_core_792,core_678_C_core_792,,,,,,,
0x0020,core_107,core_107_C_core_792,core_107_C_core_792,core_676,core_676,core_904,core_380,core_111,core_794_C_core_794,core_107,em4110_221,core_385,core_672_C_core_792,core_678_C_core_792,,,,,,,
0x0021,core_107,core_107_C_core_792,core_107_C_core_792,core_676,core_676,core_904,core_380,core_111,core_794_C_core_794,core_107,em4110_221,core_385,core_672_C_core_792,core_678_C_core_792,,,,,,,
0x0022,core_105,core_105_C_core_792,core_105_C_core_792,core_677,core_677,core_904,core_380,core_111,core_794_C_core_794,core_105,em4110_221,core_385,core_673_C_core_792,core_679_C_core_792,,,,,,,
0x0025,core_107,core_107_C_core_792,core_107_C_core_792,core_676,core_676,core_904,core_380,core_111,core_794_C_core_794,core_107,em4110_221,core_385,core_672_C_core_792,core_678_C_core_792,,,,,,,
0x0026,core_107,core_107_C_core_792,core_107_C_core_792,core_676,core_676,core_904,core_380,core_111,core_794_C_core_794,core_107,em4110_221,core_385,core_672_C_core_792,core_678_C_core_792,,,,,,,
0x0027,core_107,core_107_C_core_792,core_107_C_core_792,core_676,core_676,core_904,core_380,core_111,core_794_C_core_794,core_107,em4110_221,core_385,core_672_C_core_792,core_678_C_core_792,,,,,,,
0x0030,core_107,core_107_C_core_792,core_107_C_core_792,core_676,core_676,core_904,core_380,core_111,core_794_C_core_794,core_107,em4110_221,core_385,core_672_C_core_792,core_678_C_core_792,,,,,,,
0x0031,core_107,core_107_C_core_792,core_107_C_core_792,core_676,core_676,core_904,core_380,core_111,core_794_C_core_794,core_107,em4110_221,core_385,core_672_C_core_792,core_678_C_core_792,,,,,,,
0x0032,core_105,core_105_C_core_792,core_105_C_core_792,core_677,core_677,core_904,core_380,core_111,core_794_C_core_794,core_105,em4110_221,core_385,core_673_C_core_792,core_679_C_core_792,,,,,,,
0x0033,core_105,core_105_C_core_792,core_105_C_core_792,core_677,core_677,core_904,core_380,core_111,core_794_C_core_794,core_105,em4110_221,core_385,core_673_C_core_792,core_679_C_core_792,,,,,,,
0x0035,core_107,core_107_C_core_792,core_107_C_core_792,core_676,core_676,core_904,core_380,core_111,core_794_C_core_794,core_107,em4110_221,core_385,core_672_C_core_792,core_678_C_core_792,,,,,,,
0x0036,core_107,core_107_C_core_792,core_107_C_core_792,core_676,core_676,core_904,core_380,core_111,core_794_C_core_794,core_107,em4110_221,core_385,core_672_C_core_792,core_678_C_core_792,,,,,,,
0x0034,core_107,core_107_C_core_792,core_107_C_core_792,core_676,core_676,core_904,core_380,core_111,core_794_C_core_794,core_107,em4110_221,core_385,core_672_C_core_792,core_678_C_core_792,,,,,,,
0x0040,core_105,core_105_C_core_792,core_105_C_core_792,core_677,core_677,core_904,core_381,core_111,core_794_C_core_794,core_105,em4110_221,core_385,core_673_C_core_792,core_679_C_core_792,,,,,,,
0x0041,core_105,core_105_C_core_792,core_105_C_core_792,core_677,core_677,core_904,core_381,core_111,core_794_C_core_794,core_105,em4110_221,core_385,core_673_C_core_792,core_679_C_core_792,,,,,,,
0x0046,core_105,core_105_C_core_792,core_105_C_core_792,core_677,core_677,core_904,core_381,core_111,core_794_C_core_794,core_105,em4110_221,core_385,core_673_C_core_792,core_679_C_core_792,,,,,,,
0x0047,core_105,core_105_C_core_792,core_105_C_core_792,core_677,core_677,core_904,core_381,core_111,core_794_C_core_794,core_105,em4110_221,core_385,core_673_C_core_792,core_679_C_core_792,,,,,,,
0x0050,core_033,core_033_C_core_792,core_010_C_core_792,core_671,core_671,core_904,core_383,core_113,core_794_C_core_794,core_114,em4110_221,core_385,core_671_C_core_792,core_671_C_core_792,,,,,,,
0x0051,core_033,core_243_C_core_792,core_010_C_core_792,core_671,core_671,core_904,core_383,core_113,em4000_200_C_em4000_220,core_114,em4110_221,core_385,core_671_C_core_792,core_671_C_core_792,,,,,,,
0x0060,core_286,core_286_C_core_792,core_286_C_core_792,,,,,,,,,,,,,,,,,,
0x0070,core_002,,,,,,,,,,,,,,,,,,,,
0x0080,core_002,,,,,,,,,,,,,,,,,,,,
0x0100,core_021,core_021,core_021,core_671,core_671,core_904,core_904,core_113,em4000_200_C_em4000_220,core_801,em4110_221,core_904,core_671_C_core_792,core_671_C_core_792,,,,,,,
0x0110,core_021,core_021,core_021,core_671,core_671,core_904,core_904,core_113,em4000_200_C_em4000_220,core_801,em4110_221,core_904,core_671_C_core_792,core_671_C_core_792,,,,,,,
0x0120,core_904,core_904,core_904,core_904,core_904,core_904,core_904,core_904,core_904,core_904,em4110_221,core_904,core_904,core_904,,,,,,,
0x0130,core_904,core_904,core_904,core_904,core_904,core_904,core_904,core_904,core_904,core_904,em4110_221,core_904,core_904,core_904,,,,,,,
0x0140,core_904,core_904,core_904,core_904,core_904,core_904,core_904,core_904,core_904,core_904,em4110_221,core_904,core_904,core_904,,,,,,,
0x0160,core_758,,,,,,,,,,,,,,,,,,,,
0x0700,core_103,core_103,core_103,core_103,core_103,core_103,core_103,core_103,core_103,core_103,em4110_221,core_103,core_103,core_103,,,,,,,
0x0701,core_243,,core_010_C_core_792,,,,,,core_794_C_core_794,,em4110_221,,,,,,,,,,
0x0702,core_287,,core_287_C_core_792,,,,,,core_794_C_core_794,,em4110_221,,,,,,,,,,
0x0703,core_004,,,,,,,,,,,,,,,,,,,,
0x0800,core_033,core_114,core_114,core_904,core_904,core_904,core_904,core_111,core_794_C_core_794,em1100_255,em4110_221,core_904,core_904,core_904,,,,,,,
